====================================================================================================
  WIND DIRECTION SCANNER v2  —  DSJ2 DOSBox RAM
  Run:         2026-05-25 15:39:16
  PID:         11670
  BASE:        0x00007025ccbff010
  Scan region: BASE+0x25000  to  BASE+0x2d000  (32768 bytes / 32 KB)
  Data points: 7
====================================================================================================

  Known offsets in scan region:
    BASE+0x26ee4  cand-A
    BASE+0x2735e  trig-float (near wind string)
    BASE+0x27363  WIND SPEED STRING
    BASE+0x28fac  cand-B
    BASE+0x28fb0  cand-C (speed x trig)
    BASE+0x295f0  cand-D
    BASE+0x295f4  cand-E


====================================================================================================
  DATA POINT 1 / 7
  Wind direction (visual):       135.0 deg
  Wind string at snapshot time:  "1.4.0.0"
  Changed 4-byte chunks vs baseline:  70

    RAM offset   old bytes   new bytes    i8    u8    i16lo    i16hi   u16lo   u16hi           i32           u32             f32  note
  ------------------------------------------------------------------------------------------------------------------------------------
  0x00026290      0000f255    00004627     0     0        0    10054       0   10054     658898944     658898944        0.000000  
  0x00026294      b7210010    a3c80010   -93   163   -14173     4096   51363    4096     268486819     268486819        0.000000  
  0x00026ee4      14000000    15000000    21    21       21        0      21       0            21            21        0.000000  <-- cand-A
  0x00027354      0000f400    00001601     0     0        0      278       0     278      18219008      18219008        0.000000  
  0x00027358      26000000    c1000000   -63   193      193        0     193       0           193           193        0.000000  
  0x00027364      2e302e30    2e342e30    46    46    13358    12334   13358   12334     808334382     808334382        0.000000  <-- WIND SPEED STRING
  0x000286d4      69006f00    69000701   105   105      105      263     105     263      17236073      17236073        0.000000  
  0x00028fac      26435d00    26434e00    38    38    17190       78   17190      78       5128998       5128998        0.000000  <-- cand-B
  0x000295f0      6c000000    56000000    86    86       86        0      86       0            86            86        0.000000  <-- cand-D
  0x000295f4      000e0000    000f0000     0     0     3840        0    3840       0          3840          3840        0.000000  <-- cand-E
  0x00029660      b68828bf    237841bf    35    35    30755   -16575   30755   48961   -1086228445    3208738851       -0.755739  
  0x00029664      f7bd333f    538398bf    83    83   -31917   -16488   33619   49048   -1080523949    3214443347       -1.191508  
  0x00029668      5aac463e    a38d403e   -93   163   -29277    15936   36259   15936    1044417955    1044417955        0.188040  
  0x0002966c      5765763f    9f9ab43f   -97   159   -25953    16308   39583   16308    1068800671    1068800671        1.410969  
  0x00029670      d0bc1440    74b58440   116   116   -19084    16516   46452   16516    1082439028    1082439028        4.147150  
  0x00029674      18041640    7d3f8540   125   125    16253    16517   16253   16517    1082474365    1082474365        4.164000  
  0x00029678      cdcccc3d    00000000     0     0        0        0       0       0             0             0        0.000000  
  0x00029680      fd00c577    0000fc2c     0     0        0    11516       0   11516     754712576     754712576        0.000000  
  0x00029684      58c20000    83c20000  -125   131   -15741        0   49795       0         49795         49795        0.000000  
  0x00029c4c      cf41dd3f    175fb13f    23    23    24343    16305   24343   16305    1068588823    1068588823        1.385714  
  0x00029cc0      a779873f    1b2f5d3f    27    27    12059    16221   12059   16221    1063071515    1063071515        0.864000  
  0x00029cc4      b5a6393f    fa7e2a3f    -6   250    32506    16170   32506   16170    1059749626    1059749626        0.666000  
  0x00029cc8      a779873f    1b2f5d3f    27    27    12059    16221   12059   16221    1063071515    1063071515        0.864000  
  0x00029ccc      b5a6393f    fa7e2a3f    -6   250    32506    16170   32506   16170    1059749626    1059749626        0.666000  
  0x00029cd4      76269fbe    0a5773bf    10    10    22282   -16525   22282   49011   -1082960118    3212007178       -0.950547  
  0x00029ce0      ae47a13f    39b4083f    57    57   -19399    16136   46137   16136    1057535033    1057535033        0.534000  
  0x00029ce4      0c5e033f    a01a6f3f   -96   160     6816    16239    6816   16239    1064245920    1064245920        0.934000  
  0x00029ce8      ae47a13f    2db29d3e    45    45   -19923    16029   45613   16029    1050522157    1050522157        0.308000  
  0x00029cf0      5266c53d    814eefbd  -127   129    20097   -16913   20097   48623   -1108390271    3186577025       -0.116849  
  0x00029cf8      76269fbe    0a5773bf    10    10    22282   -16525   22282   49011   -1082960118    3212007178       -0.950547  
  0x00029d0c      ae47a13f    2db29d3e    45    45   -19923    16029   45613   16029    1050522157    1050522157        0.308000  
  0x0002a0ac      0000f255    00004627     0     0        0    10054       0   10054     658898944     658898944        0.000000  
  0x0002a0b0      b721075a    a3c8075a   -93   163   -14173    23047   51363   23047    1510459555    1510459555            huge  
  0x0002a5b0      00000750    02000750     2     2        2    20487       2   20487    1342636034    1342636034  9059698688.000000  
  0x0002a6a8      627c5bbe    73be8ebe   115   115   -16781   -16754   48755   48782   -1097941389    3197025907       -0.278797  
  0x0002a6ac      a028a5be    1cf18dbd    28    28    -3812   -17011   61724   48525   -1114771172    3180196124       -0.069308  
  0x0002a6b0      3ac028b9    86c44b3e  -122   134   -15226    15947   50310   15947    1045152902    1045152902        0.198992  
  0x0002a6b4      084be0bd    2a33e3bd    42    42    13098   -16925   13098   48611   -1109183702    3185783594       -0.110937  
  0x0002a6b8      04fc157e    04c1a1e0     4     4   -16124    -8031   49412   57505    -526270204    3768697092            huge  
  0x0002a6bc      3e0bd75a    3cf1b178    60    60    -3780    30897   61756   30897    2024927548    2024927548            huge  
  0x0002a6c0      3e6bf2bd    3d82f962    61    61   -32195    25337   33341   25337    1660518973    1660518973            huge  
  0x0002a6c4      bea823d4    be292461   -66   190    10686    24868   10686   24868    1629759934    1629759934            huge  
  0x0002a6c8      3e03d4b3    be034821   -66   190      958     8520     958    8520     558367678     558367678        0.000000  
  0x0002a6cc      943eebf0    a43d049c   -92   164    15780   -25596   15780   39940   -1677443676    2617523620       -0.000000  
  0x0002a6d0      ca3e23cb    ac3e17d4   -84   172    16044   -11241   16044   54295    -736674132    3558293164  -2598366085120.000000  
  0x0002a6d4      083fab47    02bf72f6     2     2   -16638    -2446   48898   63090    -160252158    4134715138            huge  
  0x0002a6d8      223f02de    453f0266    69    69    16197    26114   16197   26114    1711423301    1711423301            huge  
  0x0002a6dc      36443edc    2133bedd    33    33    13089    -8770   13089   56766    -574737631    3720229665            huge  
  0x0002a6e0      0d6e3e02    9d6ebe89   -99   157    28317   -30274   28317   35262   -1984008547    2310958749       -0.000000  
  0x0002a6e4      2d67bf26    115e3fd4    17    17    24081   -11201   24081   54335    -734044655    3560922641  -3287667703808.000000  
  0x0002a6e8      ad5f3f01    d7363f01   -41   215    14039      319   14039     319      20920023      20920023        0.000000  
  0x0002a6ec      1e398f3d    d08792be   -48   208   -30768   -16750   34768   48786   -1097693232    3197274064       -0.286192  
  0x0002a6f0      75713abd    a9647f3e   -87   169    25769    15999   25769   15999    1048536233    1048536233        0.249407  
  0x0002a6f4      e0c78dbf    ce33a9bf   -50   206    13262   -16471   13262   49065   -1079430194    3215537102       -1.321893  
  0x0002a6f8      9e99863f    403fa4bf    64    64    16192   -16476   16192   49060   -1079754944    3215212352       -1.283180  
  0x0002a6fc      00adb62b    001a4362     0     0     6656    25155    6656   25155    1648564736    1648564736            huge  
  0x0002a700      bd01402b    be6b5c60   -66   190    27582    24668   27582   24668    1616669630    1616669630            huge  
  0x0002a704      be5b559c    3d5e0f8f    61    61    24125   -28913   24125   36623   -1894818243    2400149053       -0.000000  
  0x0002a708      beae5e4e    bf11c69d   -65   191     4543   -25146    4543   40390   -1647963713    2647003583       -0.000000  
  0x0002a70c      be0330ac    3f005431    63    63       63    12628      63   12628     827588671     827588671        0.000000  
  0x0002a710      c23a0d45    2a3e6b99    42    42    15914   -26261   15914   39275   -1721024982    2573942314       -0.000000  
  0x0002a714      863edf95    b5bdf791   -75   181   -16971   -28169   48565   37367   -1846035019    2448932277       -0.000000  
  0x0002a718      113f6f7f    ea3ec1fe   -22   234    16106     -319   16106   65217     -20889878    4274077418            huge  
  0x0002a71c      193f02b8    a43e03ce   -92   164    16036   -12797   16036   52739    -838648156    3456319140  -550480128.000000  
  0x0002a720      6631bd77    82bcbed7  -126   130   -17278   -10306   48258   55230    -675365758    3619601538  -419433688334336.000000  
  0x0002a724      fe90be23    03963ec1     3     3   -27133   -16066   38403   49470   -1052862973    3242104323      -11.911624  
  0x0002a728      40af3fa9    f217bf1f   -14   242     6130     8127    6130    8127     532617202     532617202        0.000000  
  0x0002a72c      c6983f00    00073f02     0     0     1792      575    1792     575      37684992      37684992        0.000000  
  0x0002a8a4      00000000    00000842     0     0        0    16904       0   16904    1107820544    1107820544       34.000000  
  0x0002ab94      411b0000    2c000000    44    44       44        0      44       0            44            44        0.000000  

====================================================================================================
  DATA POINT 2 / 7
  Wind direction (visual):       225.0 deg
  Wind string at snapshot time:  "2.1.0.0"
  Changed 4-byte chunks vs baseline:  74

    RAM offset   old bytes   new bytes    i8    u8    i16lo    i16hi   u16lo   u16hi           i32           u32             f32  note
  ------------------------------------------------------------------------------------------------------------------------------------
  0x00026290      0000f255    0000d912     0     0        0     4825       0    4825     316211200     316211200        0.000000  
  0x00026294      b7210010    35cf0010    53    53   -12491     4096   53045    4096     268488501     268488501        0.000000  
  0x00026ee4      14000000    15000000    21    21       21        0      21       0            21            21        0.000000  <-- cand-A
  0x00027354      0000f400    00001601     0     0        0      278       0     278      18219008      18219008        0.000000  
  0x00027358      26000000    c1000000   -63   193      193        0     193       0           193           193        0.000000  
  0x00027360      703f0331    703f0332   112   112    16240    12803   16240   12803     839073648     839073648        0.000000  <-- trig-float (near wind string)
  0x00027364      2e302e30    2e312e30    46    46    12590    12334   12590   12334     808333614     808333614        0.000000  <-- WIND SPEED STRING
  0x000286d4      69006f00    69003f01   105   105      105      319     105     319      20906089      20906089        0.000000  
  0x00028fac      26435d00    26430000    38    38    17190        0   17190       0         17190         17190        0.000000  <-- cand-B
  0x00028fb0      55000000    a9000000   -87   169      169        0     169       0           169           169        0.000000  <-- cand-C (speed x trig)
  0x000295f0      6c000000    66010000   102   102      358        0     358       0           358           358        0.000000  <-- cand-D
  0x000295f4      000e0000    000b0000     0     0     2816        0    2816       0          2816          2816        0.000000  <-- cand-E
  0x00029660      b68828bf    1e158cbf    30    30     5406   -16500    5406   49036   -1081338594    3213628702       -1.094394  
  0x00029664      f7bd333f    08a9e73f     8     8   -22264    16359   43272   16359    1072146696    1072146696        1.809846  
  0x00029668      5aac463e    daef8e3e   -38   218    -4134    16014   61402   16014    1049554906    1049554906        0.279174  
  0x0002966c      5765763f    395c0740    57    57    23609    16391   23609   16391    1074224185    1074224185        2.115004  
  0x00029670      d0bc1440    89560740  -119   137    22153    16391   22153   16391    1074222729    1074222729        2.114657  
  0x00029674      18041640    e9260940   -23   233     9961    16393    9961   16393    1074341609    1074341609        2.143000  
  0x00029678      cdcccc3d    cecccc3d   -50   206   -13106    15820   52430   15820    1036831950    1036831950        0.100000  
  0x00029680      fd00c577    ee00c645   -18   238      238    17862     238   17862    1170604270    1170604270     6336.116211  
  0x00029684      58c20000    9bc30000  -101   155   -15461        0   50075       0         50075         50075        0.000000  
  0x00029c4c      cf41dd3f    401da440    64    64     7488    16548    7488   16548    1084497216    1084497216        5.128571  
  0x00029cc0      a779873f    713d0a3f   113   113    15729    16138   15729   16138    1057635697    1057635697        0.540000  
  0x00029cc4      b5a6393f    fa7e2a3f    -6   250    32506    16170   32506   16170    1059749626    1059749626        0.666000  
  0x00029cc8      a779873f    713d0a3f   113   113    15729    16138   15729   16138    1057635697    1057635697        0.540000  
  0x00029ccc      b5a6393f    fa7e2a3f    -6   250    32506    16170   32506   16170    1059749626    1059749626        0.666000  
  0x00029cd4      76269fbe    0a5773bf    10    10    22282   -16525   22282   49011   -1082960118    3212007178       -0.950547  
  0x00029cd8      0000c03f    ba498c3f   -70   186    18874    16268   18874   16268    1066158522    1066158522        1.096000  
  0x00029ce0      ae47a13f    b81e05be   -72   184     7864   -16891    7864   48645   -1106960712    3188006584       -0.130000  
  0x00029ce4      0c5e033f    39b4083f    57    57   -19399    16136   46137   16136    1057535033    1057535033        0.534000  
  0x00029ce8      ae47a13f    1b2fddbd    27    27    12059   -16931   12059   48605   -1109577957    3185389339       -0.108000  
  0x00029cf0      5266c53d    814eefbd  -127   129    20097   -16913   20097   48623   -1108390271    3186577025       -0.116849  
  0x00029cf8      76269fbe    0a5773bf    10    10    22282   -16525   22282   49011   -1082960118    3212007178       -0.950547  
  0x00029cfc      0000c03f    ba498c3f   -70   186    18874    16268   18874   16268    1066158522    1066158522        1.096000  
  0x00029d0c      ae47a13f    1b2fddbd    27    27    12059   -16931   12059   48605   -1109577957    3185389339       -0.108000  
  0x0002a0ac      0000f255    0000d912     0     0        0     4825       0    4825     316211200     316211200        0.000000  
  0x0002a0b0      b721075a    35cf075a    53    53   -12491    23047   53045   23047    1510461237    1510461237            huge  
  0x0002a5b0      00000750    02000750     2     2        2    20487       2   20487    1342636034    1342636034  9059698688.000000  
  0x0002a6a8      627c5bbe    e4901cbf   -28   228   -28444   -16612   37092   48924   -1088646940    3206320356       -0.611586  
  0x0002a6ac      a028a5be    20acba3b    32    32   -21472    15290   44064   15290    1002089504    1002089504        0.005697  
  0x0002a6b0      3ac028b9    2986423e    41    41   -31191    15938   34345   15938    1044547113    1044547113        0.189965  
  0x0002a6b4      084be0bd    a77fb7ba   -89   167    32679   -17737   32679   47799   -1162379353    3132587943       -0.001400  
  0x0002a6b8      04fc157e    042d0f6c     4     4    11524    27663   11524   27663    1812933892    1812933892            huge  
  0x0002a6bc      3e0bd75a    3e719e0d    62    62    28990     3486   28990    3486     228487486     228487486        0.000000  
  0x0002a6c0      3e6bf2bd    beee6790   -66   190    -4418   -28569   61118   36967   -1872236866    2422730430       -0.000000  
  0x0002a6c4      bea823d4    3ee7259e    62    62    -6338   -25051   59198   40485   -1641683138    2653284158       -0.000000  
  0x0002a6c8      3e03d4b3    be03bf06   -66   190      958     1727     958    1727     113181630     113181630        0.000000  
  0x0002a6cc      943eebf0    353db6dc    53    53    15669    -9034   15669   56502    -592036555    3702930741            huge  
  0x0002a6d0      ca3e23cb    05bf165f     5     5   -16635    24342   48901   24342    1595326213    1595326213            huge  
  0x0002a6d4      083fab47    02bf6402     2     2   -16638      612   48898     612      40156930      40156930        0.000000  
  0x0002a6d8      223f02de    a13e021c   -95   161    16033     7170   16033    7170     469909153     469909153        0.000000  
  0x0002a6dc      36443edc    090e3e41     9     9     3593    16702    3593   16702    1094585865    1094585865       11.878427  
  0x0002a6e0      0d6e3e02    cf753e29   -49   207    30159    10558   30159   10558     691959247     691959247        0.000000  
  0x0002a6e4      2d67bf26    b847bf23   -72   184    18360     9151   18360    9151     599738296     599738296        0.000000  
  0x0002a6e8      ad5f3f01    7c843f01   124   124   -31620      319   33916     319      20939900      20939900        0.000000  
  0x0002a6ec      1e398f3d    5589aa3d    85    85   -30379    15786   35157   15786    1034586453    1034586453        0.083270  
  0x0002a6f0      75713abd    1cac383c    28    28   -21476    15416   44060   15416    1010347036    1010347036        0.011272  
  0x0002a6f4      e0c78dbf    b2eb963f   -78   178    -5198    16278   60338   16278    1066855346    1066855346        1.179068  
  0x0002a6f8      9e99863f    a108773f   -95   161     2209    16247    2209   16247    1064765601    1064765601        0.964975  
  0x0002a6fc      00adb62b    00c5fb8c     0     0   -15104   -29445   50432   36091   -1929657088    2365310208       -0.000000  
  0x0002a700      bd01402b    3de660c8    61    61    -6595   -14240   58941   51296    -933173699    3361793597  -230296.953125  
  0x0002a704      be5b559c    3e6a4979    62    62    27198    31049   27198   31049    2034854462    2034854462            huge  
  0x0002a708      beae5e4e    bd7b86e4   -67   189    31677    -7034   31677   58502    -460948547    3834018749            huge  
  0x0002a70c      be0330ac    bc042af9   -68   188     1212    -1750    1212   63786    -114686788    4180280508            huge  
  0x0002a710      c23a0d45    943d212c  -108   148    15764    11297   15764   11297     740375956     740375956        0.000000  
  0x0002a714      863edf95    3b3dae8a    59    59    15675   -30034   15675   35502   -1968292549    2326674747       -0.000000  
  0x0002a718      113f6f7f    703f852a   112   112    16240    10885   16240   10885     713375600     713375600        0.000000  
  0x0002a71c      193f02b8    5cbf0183    92    92   -16548   -31999   48988   33537   -2097037476    2197929820       -0.000000  
  0x0002a720      6631bd77    93c13e78  -109   147   -15981    30782   49555   30782    2017378707    2017378707            huge  
  0x0002a724      fe90be23    dc663df8   -36   220    26332    -1987   26332   63549    -130193700    4164773596            huge  
  0x0002a728      40af3fa9    0deb3e68    13    13    -5363    26686   60173   26686    1748953869    1748953869            huge  
  0x0002a72c      c6983f00    9a2bbf02  -102   154    11162      703   11162     703      46082970      46082970        0.000000  
  0x0002a8a4      00000000    00000842     0     0        0    16904       0   16904    1107820544    1107820544       34.000000  
  0x0002ab94      411b0000    0e000000    14    14       14        0      14       0            14            14        0.000000  

====================================================================================================
  DATA POINT 3 / 7
  Wind direction (visual):       15.0 deg
  Wind string at snapshot time:  "3.8.0.0"
  Changed 4-byte chunks vs baseline:  72

    RAM offset   old bytes   new bytes    i8    u8    i16lo    i16hi   u16lo   u16hi           i32           u32             f32  note
  ------------------------------------------------------------------------------------------------------------------------------------
  0x00026290      0000f255    0000ff38     0     0        0    14591       0   14591     956235776     956235776        0.000122  
  0x00026294      b7210010    d31c0010   -45   211     7379     4096    7379    4096     268442835     268442835        0.000000  
  0x00027354      0000f400    0000f000     0     0        0      240       0     240      15728640      15728640        0.000000  
  0x00027358      26000000    9f000000   -97   159      159        0     159       0           159           159        0.000000  
  0x00027360      703f0331    703f0333   112   112    16240    13059   16240   13059     855850864     855850864        0.000000  <-- trig-float (near wind string)
  0x00027364      2e302e30    2e382e30    46    46    14382    12334   14382   12334     808335406     808335406        0.000000  <-- WIND SPEED STRING
  0x000286d4      69006f00    69005d00   105   105      105       93     105      93       6094953       6094953        0.000000  
  0x00028fac      26435d00    26436700    38    38    17190      103   17190     103       6767398       6767398        0.000000  <-- cand-B
  0x00028fb0      55000000    53000000    83    83       83        0      83       0            83            83        0.000000  <-- cand-C (speed x trig)
  0x000295f0      6c000000    80000000  -128   128      128        0     128       0           128           128        0.000000  <-- cand-D
  0x00029660      b68828bf    f6a06040   -10   246   -24330    16480   41206   16480    1080074486    1080074486        3.509824  
  0x00029664      f7bd333f    3f7cc7bf    63    63    31807   -16441   31807   49095   -1077445569    3217521727       -1.558479  
  0x00029668      5aac463e    7932563e   121   121    12921    15958   12921   15958    1045836409    1045836409        0.209177  
  0x0002966c      5765763f    0bfe7540    11    11     -501    16501   65035   16501    1081474571    1081474571        3.843631  
  0x00029670      d0bc1440    81f4d5be  -127   129    -2943   -16683   62593   48853   -1093274495    3201692801       -0.417881  
  0x00029674      18041640    b5c8ba40   -75   181   -14155    16570   51381   16570    1085982901    1085982901        5.837000  
  0x00029678      cdcccc3d    cdcc4c3d   -51   205   -13107    15692   52429   15692    1028443341    1028443341        0.050000  
  0x00029680      fd00c577    0000cc71     0     0        0    29132       0   29132    1909194752    1909194752            huge  
  0x00029684      58c20000    dd430000   -35   221    17373        0   17373       0         17373         17373        0.000000  
  0x00029c4c      cf41dd3f    d92bfe3f   -39   217    11225    16382   11225   16382    1073621977    1073621977        1.985713  
  0x00029cc0      a779873f    1b2f5d3f    27    27    12059    16221   12059   16221    1063071515    1063071515        0.864000  
  0x00029cc4      b5a6393f    fa7e2a3f    -6   250    32506    16170   32506   16170    1059749626    1059749626        0.666000  
  0x00029cc8      a779873f    1b2f5d3f    27    27    12059    16221   12059   16221    1063071515    1063071515        0.864000  
  0x00029ccc      b5a6393f    fa7e2a3f    -6   250    32506    16170   32506   16170    1059749626    1059749626        0.666000  
  0x00029cd4      76269fbe    0a5773bf    10    10    22282   -16525   22282   49011   -1082960118    3212007178       -0.950547  
  0x00029cd8      0000c03f    ba498c3f   -70   186    18874    16268   18874   16268    1066158522    1066158522        1.096000  
  0x00029ce0      ae47a13f    39b4083f    57    57   -19399    16136   46137   16136    1057535033    1057535033        0.534000  
  0x00029ce4      0c5e033f    a01a6f3f   -96   160     6816    16239    6816   16239    1064245920    1064245920        0.934000  
  0x00029ce8      ae47a13f    2db29d3e    45    45   -19923    16029   45613   16029    1050522157    1050522157        0.308000  
  0x00029cf0      5266c53d    814eefbd  -127   129    20097   -16913   20097   48623   -1108390271    3186577025       -0.116849  
  0x00029cf8      76269fbe    0a5773bf    10    10    22282   -16525   22282   49011   -1082960118    3212007178       -0.950547  
  0x00029cfc      0000c03f    ba498c3f   -70   186    18874    16268   18874   16268    1066158522    1066158522        1.096000  
  0x00029d0c      ae47a13f    2db29d3e    45    45   -19923    16029   45613   16029    1050522157    1050522157        0.308000  
  0x0002a0ac      0000f255    0000ff38     0     0        0    14591       0   14591     956235776     956235776        0.000122  
  0x0002a0b0      b721075a    d31c075a   -45   211     7379    23047    7379   23047    1510415571    1510415571            huge  
  0x0002a5b0      00000750    02000750     2     2        2    20487       2   20487    1342636034    1342636034  9059698688.000000  
  0x0002a6a8      627c5bbe    5cc12dbd    92    92   -16036   -17107   49500   48429   -1121074852    3173892444       -0.042421  
  0x0002a6ac      a028a5be    6dc28bbe   109   109   -15763   -16757   49773   48779   -1098136979    3196830317       -0.272968  
  0x0002a6b0      3ac028b9    fde7bdbd    -3   253    -6147   -16963   59389   48573   -1111627779    3183339517       -0.092728  
  0x0002a6b4      084be0bd    6e32133d   110   110    12910    15635   12910   15635    1024668270    1024668270        0.035937  
  0x0002a6b8      04fc157e    047abce7     4     4    31236    -6212   31236   59324    -407078396    3887888900            huge  
  0x0002a6bc      3e0bd75a    3d3f2c4a    61    61    16189    18988   16189   18988    1244413757    1244413757  2822095.250000  
  0x0002a6c0      3e6bf2bd    bca5f296   -68   188   -23108   -26894   42428   38642   -1762482756    2532484540       -0.000000  
  0x0002a6c4      bea823d4    be714b05   -66   190    29118     1355   29118    1355      88830398      88830398        0.000000  
  0x0002a6c8      3e03d4b3    3e0374f1    62    62      830    -3724     830   61812    -244055234    4050912062            huge  
  0x0002a6cc      943eebf0    39bea1ec    57    57   -16839    -4959   48697   60577    -324944327    3970022969            huge  
  0x0002a6d0      ca3e23cb    fabdf1e0    -6   250   -16902    -7951   48634   57585    -521028102    3773939194            huge  
  0x0002a6d4      083fab47    2f3f2666    47    47    16175    26150   16175   26150    1713782575    1713782575            huge  
  0x0002a6d8      223f02de    0a3f0223    10    10    16138     8962   16138    8962     587349770     587349770        0.000000  
  0x0002a6dc      36443edc    14bcbece    20    20   -17388   -12610   48148   52926    -826360812    3468606484  -1599998464.000000  
  0x0002a6e0      0d6e3e02    64bc3ebc   100   100   -17308   -17346   48228   48190   -1136739228    3158228068       -0.011642  
  0x0002a6e4      2d67bf26    2491bf76    36    36   -28380    30399   37156   30399    1992266020    1992266020            huge  
  0x0002a6e8      ad5f3f01    f5873f01   -11   245   -30731      319   34805     319      20940789      20940789        0.000000  
  0x0002a6ec      1e398f3d    2b0ac03e    43    43     2603    16064    2603   16064    1052772907    1052772907        0.375078  
  0x0002a6f0      75713abd    0e3ddcbe    14    14    15630   -16676   15630   48860   -1092862706    3202104590       -0.430153  
  0x0002a6f4      e0c78dbf    32377b3f    50    50    14130    16251   14130   16251    1065039666    1065039666        0.981311  
  0x0002a6f8      9e99863f    5c72b63f    92    92    29276    16310   29276   16310    1068921436    1068921436        1.425365  
  0x0002a6fc      00adb62b    003af91c     0     0    14848     7417   14848    7417     486095360     486095360        0.000000  
  0x0002a700      bd01402b    3e007aaa    62    62       62   -21894      62   43642   -1434845122    2860122174       -0.000000  
  0x0002a704      be5b559c    beb0b6f1   -66   190   -20290    -3658   45246   61878    -239685442    4055281854            huge  
  0x0002a708      beae5e4e    3e7fb5ae    62    62    32574   -20811   32574   44725   -1363837122    2931130174       -0.000000  
  0x0002a70c      be0330ac    be02394c   -66   190      702    19513     702   19513    1278804670    1278804670  48499448.000000  
  0x0002a710      c23a0d45    473ecdc6    71    71    15943   -14643   15943   50893    -959627705    3335339591   -26271.138672  
  0x0002a714      863edf95    bbbd5268   -69   187   -16965    26706   48571   26706    1750252987    1750252987            huge  
  0x0002a718      113f6f7f    c23e10c0   -62   194    16066   -16368   16066   49168   -1072677182    3222290114       -2.253830  
  0x0002a71c      193f02b8    f63e0208   -10   246    16118     2050   16118    2050     134364918     134364918        0.000000  
  0x0002a720      6631bd77    d1033d81   -47   209      977   -32451     977   33085   -2126707759    2168259537       -0.000000  
  0x0002a724      fe90be23    ae953ec7   -82   174   -27218   -14530   38318   51006    -952199762    3342767534   -48789.679688  
  0x0002a728      40af3fa9    011bbf69     1     1     6913    27071    6913   27071    1774131969    1774131969            huge  
  0x0002a72c      c6983f00    7a013f02   122   122      378      575     378     575      37683578      37683578        0.000000  
  0x0002a8a4      00000000    00000842     0     0        0    16904       0   16904    1107820544    1107820544       34.000000  
  0x0002ab94      411b0000    0e000000    14    14       14        0      14       0            14            14        0.000000  

====================================================================================================
  DATA POINT 4 / 7
  Wind direction (visual):       270.0 deg
  Wind string at snapshot time:  "2.8.0.0"
  Changed 4-byte chunks vs baseline:  73

    RAM offset   old bytes   new bytes    i8    u8    i16lo    i16hi   u16lo   u16hi           i32           u32             f32  note
  ------------------------------------------------------------------------------------------------------------------------------------
  0x00026290      0000f255    000046ab     0     0        0   -21690       0   43846   -1421475840    2873491456       -0.000000  
  0x00026294      b7210010    37f90010    55    55    -1737     4096   63799    4096     268499255     268499255        0.000000  
  0x00027354      0000f400    00001601     0     0        0      278       0     278      18219008      18219008        0.000000  
  0x00027358      26000000    c1000000   -63   193      193        0     193       0           193           193        0.000000  
  0x00027360      703f0331    703f0332   112   112    16240    12803   16240   12803     839073648     839073648        0.000000  <-- trig-float (near wind string)
  0x00027364      2e302e30    2e382e30    46    46    14382    12334   14382   12334     808335406     808335406        0.000000  <-- WIND SPEED STRING
  0x000286d4      69006f00    69003f01   105   105      105      319     105     319      20906089      20906089        0.000000  
  0x00028fac      26435d00    26430000    38    38    17190        0   17190       0         17190         17190        0.000000  <-- cand-B
  0x00028fb0      55000000    6a000000   106   106      106        0     106       0           106           106        0.000000  <-- cand-C (speed x trig)
  0x000295f0      6c000000    62000000    98    98       98        0      98       0            98            98        0.000000  <-- cand-D
  0x000295f4      000e0000    000f0000     0     0     3840        0    3840       0          3840          3840        0.000000  <-- cand-E
  0x00029660      b68828bf    32b59a3d    50    50   -19150    15770   46386   15770    1033549106    1033549106        0.075541  
  0x00029664      f7bd333f    2a213340    42    42     8490    16435    8490   16435    1077092650    1077092650        2.798899  
  0x00029668      5aac463e    00d2193e     0     0   -11776    15897   53760   15897    1041879552    1041879552        0.150215  
  0x0002966c      5765763f    dd313340   -35   221    12765    16435   12765   16435    1077096925    1077096925        2.799918  
  0x00029670      d0bc1440    ad9bc53f   -83   173   -25683    16325   39853   16325    1069915053    1069915053        1.543813  
  0x00029674      18041640    14aec73f    20    20   -20972    16327   44564   16327    1070050836    1070050836        1.560000  
  0x00029678      cdcccc3d    00000000     0     0        0        0       0       0             0             0        0.000000  
  0x00029680      fd00c577    c30089f1   -61   195      195    -3703     195   61833    -242679613    4052287683            huge  
  0x00029684      58c20000    d9400000   -39   217    16601        0   16601       0         16601         16601        0.000000  
  0x00029c4c      cf41dd3f    9024c93f  -112   144     9360    16329    9360   16329    1070146704    1070146704        1.571428  
  0x00029cc0      a779873f    1b2f5d3f    27    27    12059    16221   12059   16221    1063071515    1063071515        0.864000  
  0x00029cc4      b5a6393f    fa7e2a3f    -6   250    32506    16170   32506   16170    1059749626    1059749626        0.666000  
  0x00029cc8      a779873f    1b2f5d3f    27    27    12059    16221   12059   16221    1063071515    1063071515        0.864000  
  0x00029ccc      b5a6393f    fa7e2a3f    -6   250    32506    16170   32506   16170    1059749626    1059749626        0.666000  
  0x00029cd4      76269fbe    0a5773bf    10    10    22282   -16525   22282   49011   -1082960118    3212007178       -0.950547  
  0x00029cd8      0000c03f    ba498c3f   -70   186    18874    16268   18874   16268    1066158522    1066158522        1.096000  
  0x00029ce0      ae47a13f    39b4083f    57    57   -19399    16136   46137   16136    1057535033    1057535033        0.534000  
  0x00029ce4      0c5e033f    a01a6f3f   -96   160     6816    16239    6816   16239    1064245920    1064245920        0.934000  
  0x00029ce8      ae47a13f    2db29d3e    45    45   -19923    16029   45613   16029    1050522157    1050522157        0.308000  
  0x00029cf0      5266c53d    814eefbd  -127   129    20097   -16913   20097   48623   -1108390271    3186577025       -0.116849  
  0x00029cf8      76269fbe    0a5773bf    10    10    22282   -16525   22282   49011   -1082960118    3212007178       -0.950547  
  0x00029cfc      0000c03f    ba498c3f   -70   186    18874    16268   18874   16268    1066158522    1066158522        1.096000  
  0x00029d0c      ae47a13f    2db29d3e    45    45   -19923    16029   45613   16029    1050522157    1050522157        0.308000  
  0x0002a0ac      0000f255    000046ab     0     0        0   -21690       0   43846   -1421475840    2873491456       -0.000000  
  0x0002a0b0      b721075a    37f9075a    55    55    -1737    23047   63799   23047    1510471991    1510471991            huge  
  0x0002a5b0      00000750    04000750     4     4        4    20487       4   20487    1342636036    1342636036  9059700736.000000  
  0x0002a6a8      627c5bbe    4575223e    69    69    30021    15906   30021   15906    1042445637    1042445637        0.158650  
  0x0002a6ac      a028a5be    961ea03d  -106   150     7830    15776    7830   15776    1033903766    1033903766        0.078183  
  0x0002a6b0      3ac028b9    fb1525bd    -5   251     5627   -17115    5627   48421   -1121643013    3173324283       -0.040304  
  0x0002a6b4      084be0bd    4619bebd    70    70     6470   -16962    6470   48574   -1111615162    3183352134       -0.092822  
  0x0002a6b8      04fc157e    04295394     4     4    10500   -27565   10500   37971   -1806489340    2488477956       -0.000000  
  0x0002a6bc      3e0bd75a    be8c821b   -66   190   -29506     7042   36030    7042     461540542     461540542        0.000000  
  0x0002a6c0      3e6bf2bd    beff3188   -66   190      -66   -30671   65470   34865   -2009989186    2284978110       -0.000000  
  0x0002a6c4      bea823d4    bede1ad5   -66   190    -8514   -10982   57022   54554    -719659330    3575307966  -10642591318016.000000  
  0x0002a6c8      3e03d4b3    be030ad1   -66   190      958   -12022     958   53514    -787872834    3507094462  -37048016896.000000  
  0x0002a6cc      943eebf0    84bd1e2b  -124   132   -17020    11038   48516   11038     723434884     723434884        0.000000  
  0x0002a6d0      ca3e23cb    8f3e3809  -113   143    16015     2360   16015    2360     154680975     154680975        0.000000  
  0x0002a6d4      083fab47    29bfdca8    41    41   -16599   -22308   48937   43228   -1461928151    2833039145       -0.000000  
  0x0002a6d8      223f02de    3abf0243    58    58   -16582    17154   48954   17154    1124253498    1124253498      130.746979  
  0x0002a6dc      36443edc    8c213fbb  -116   140     8588   -17601    8588   47935   -1153490548    3141476748       -0.002916  
  0x0002a6e0      0d6e3e02    6388bd58    99    99   -30621    22717   34915   22717    1488816227    1488816227            huge  
  0x0002a6e4      2d67bf26    ab783f77   -85   171    30891    30527   30891   30527    2000648363    2000648363            huge  
  0x0002a6e8      ad5f3f01    823b3f01  -126   130    15234      319   15234     319      20921218      20921218        0.000000  
  0x0002a6ec      1e398f3d    90cdc7be  -112   144   -12912   -16697   52624   48839   -1094201968    3200765328       -0.390240  
  0x0002a6f0      75713abd    c7deb83d   -57   199    -8505    15800   57031   15800    1035525831    1035525831        0.090269  
  0x0002a6f4      e0c78dbf    4f5ac93f    79    79    23119    16329   23119   16329    1070160463    1070160463        1.573068  
  0x0002a6f8      9e99863f    22709b3f    34    34    28706    16283   28706   16283    1067151394    1067151394        1.214360  
  0x0002a6fc      00adb62b    0092c148     0     0   -28160    18625   37376   18625    1220645376    1220645376   396432.000000  
  0x0002a700      bd01402b    3c73a20e    60    60    29500     3746   29500    3746     245527356     245527356        0.000000  
  0x0002a704      be5b559c    3e51d85b    62    62    20798    23512   20798   23512    1540903230    1540903230            huge  
  0x0002a708      beae5e4e    3f6ab481    63    63    27199   -32332   27199   33204   -2118882753    2176084543       -0.000000  
  0x0002a70c      be0330ac    bf0127bb   -65   191      447   -17625     447   47911   -1155071553    3139895743       -0.002548  
  0x0002a710      c23a0d45    68be8989   104   104   -16792   -30327   48744   35209   -1987461528    2307505768       -0.000000  
  0x0002a714      863edf95    44be5596    68    68   -16828   -27051   48708   38485   -1772765628    2522201668       -0.000000  
  0x0002a718      113f6f7f    4c3f799c    76    76    16204   -25479   16204   40057   -1669775540    2625191756       -0.000000  
  0x0002a71c      193f02b8    1ebf0265    30    30   -16610    25858   48926   25858    1694678814    1694678814            huge  
  0x0002a720      6631bd77    6132be14    97    97    12897     5310   12897    5310     348009057     348009057        0.000000  
  0x0002a724      fe90be23    b4b4bd2b   -76   180   -19276    11197   46260   11197     733852852     733852852        0.000000  
  0x0002a728      40af3fa9    e0c63da7   -32   224   -14624   -22723   50912   42813   -1489123616    2805843680       -0.000000  
  0x0002a72c      c6983f00    d1c53d04   -47   209   -14895     1085   50641    1085      71157201      71157201        0.000000  
  0x0002a8a4      00000000    00000842     0     0        0    16904       0   16904    1107820544    1107820544       34.000000  
  0x0002ab94      411b0000    0c000000    12    12       12        0      12       0            12            12        0.000000  

====================================================================================================
  DATA POINT 5 / 7
  Wind direction (visual):       120.0 deg
  Wind string at snapshot time:  "2.0.0.0"
  Changed 4-byte chunks vs baseline:  72

    RAM offset   old bytes   new bytes    i8    u8    i16lo    i16hi   u16lo   u16hi           i32           u32             f32  note
  ------------------------------------------------------------------------------------------------------------------------------------
  0x00026290      0000f255    0000785e     0     0        0    24184       0   24184    1584922624    1584922624            huge  
  0x00026294      b7210010    abba0010   -85   171   -17749     4096   47787    4096     268483243     268483243        0.000000  
  0x00026ee4      14000000    12000000    18    18       18        0      18       0            18            18        0.000000  <-- cand-A
  0x00027350      00130600    001c0200     0     0     7168        2    7168       2        138240        138240        0.000000  
  0x00027354      0000f400    00001601     0     0        0      278       0     278      18219008      18219008        0.000000  
  0x00027358      26000000    c1000000   -63   193      193        0     193       0           193           193        0.000000  
  0x00027360      703f0331    703f0332   112   112    16240    12803   16240   12803     839073648     839073648        0.000000  <-- trig-float (near wind string)
  0x000286d4      69006f00    69008500   105   105      105      133     105     133       8716393       8716393        0.000000  
  0x00028fac      26435d00    26435600    38    38    17190       86   17190      86       5653286       5653286        0.000000  <-- cand-B
  0x00028fb0      55000000    76000000   118   118      118        0     118       0           118           118        0.000000  <-- cand-C (speed x trig)
  0x000295f0      6c000000    a0000000   -96   160      160        0     160       0           160           160        0.000000  <-- cand-D
  0x00029660      b68828bf    9ddf3fbf   -99   157    -8291   -16577   57245   48959   -1086333027    3208634269       -0.749506  
  0x00029664      f7bd333f    7cd9dbbf   124   124    -9860   -16421   55676   49115   -1076110980    3218856316       -1.717575  
  0x00029668      5aac463e    a743a03e   -89   167    17319    16032   17319   16032    1050690471    1050690471        0.313016  
  0x0002966c      5765763f    c1deef3f   -63   193    -8511    16367   57025   16367    1072684737    1072684737        1.873985  
  0x00029670      d0bc1440    2aa18940    42    42   -24278    16521   41258   16521    1082761514    1082761514        4.300923  
  0x00029674      18041640    42608940    66    66    24642    16521   24642   16521    1082744898    1082744898        4.293000  
  0x00029678      cdcccc3d    cecccc3d   -50   206   -13106    15820   52430   15820    1036831950    1036831950        0.100000  
  0x00029680      fd00c577    bd00cc5e   -67   189      189    24268     189   24268    1590427837    1590427837            huge  
  0x00029684      58c20000    22c30000    34    34   -15582        0   49954       0         49954         49954        0.000000  
  0x00029c4c      cf41dd3f    bd6d1b40   -67   189    28093    16411   28093   16411    1075539389    1075539389        2.428573  
  0x00029cc0      a779873f    1b2f5d3f    27    27    12059    16221   12059   16221    1063071515    1063071515        0.864000  
  0x00029cc4      b5a6393f    fa7e2a3f    -6   250    32506    16170   32506   16170    1059749626    1059749626        0.666000  
  0x00029cc8      a779873f    1b2f5d3f    27    27    12059    16221   12059   16221    1063071515    1063071515        0.864000  
  0x00029ccc      b5a6393f    fa7e2a3f    -6   250    32506    16170   32506   16170    1059749626    1059749626        0.666000  
  0x00029cd4      76269fbe    0a5773bf    10    10    22282   -16525   22282   49011   -1082960118    3212007178       -0.950547  
  0x00029cd8      0000c03f    ba498c3f   -70   186    18874    16268   18874   16268    1066158522    1066158522        1.096000  
  0x00029ce0      ae47a13f    39b4083f    57    57   -19399    16136   46137   16136    1057535033    1057535033        0.534000  
  0x00029ce4      0c5e033f    a01a6f3f   -96   160     6816    16239    6816   16239    1064245920    1064245920        0.934000  
  0x00029ce8      ae47a13f    2db29d3e    45    45   -19923    16029   45613   16029    1050522157    1050522157        0.308000  
  0x00029cf0      5266c53d    814eefbd  -127   129    20097   -16913   20097   48623   -1108390271    3186577025       -0.116849  
  0x00029cf8      76269fbe    0a5773bf    10    10    22282   -16525   22282   49011   -1082960118    3212007178       -0.950547  
  0x00029cfc      0000c03f    ba498c3f   -70   186    18874    16268   18874   16268    1066158522    1066158522        1.096000  
  0x00029d0c      ae47a13f    2db29d3e    45    45   -19923    16029   45613   16029    1050522157    1050522157        0.308000  
  0x0002a0ac      0000f255    0000785e     0     0        0    24184       0   24184    1584922624    1584922624            huge  
  0x0002a0b0      b721075a    abba075a   -85   171   -17749    23047   47787   23047    1510455979    1510455979            huge  
  0x0002a6a8      627c5bbe    cbf70f3e   -53   203    -2101    15887   63435   15887    1041233867    1041233867        0.140594  
  0x0002a6ac      a028a5be    790692bd   121   121     1657   -17006    1657   48530   -1114503559    3180463737       -0.071301  
  0x0002a6b0      3ac028b9    28e0373c    40    40    -8152    15415   57384   15415    1010294824    1010294824        0.011223  
  0x0002a6b4      084be0bd    0a6f88bd    10    10    28426   -17016   28426   48520   -1115132150    3179835146       -0.066618  
  0x0002a6b8      04fc157e    0425f83c     4     4     9476    15608    9476   15608    1022895364    1022895364        0.030291  
  0x0002a6bc      3e0bd75a    bedf671a   -66   190    -8258     6759   57278    6759     443015102     443015102        0.000000  
  0x0002a6c0      3e6bf2bd    be5f752f   -66   190    24510    12149   24510   12149     796221374     796221374        0.000000  
  0x0002a6c4      bea823d4    3e1a85e2    62    62     6718    -7547    6718   57989    -494593474    3800373822            huge  
  0x0002a6c8      3e03d4b3    be035334   -66   190      958    13395     958   13395     877855678     877855678        0.000000  
  0x0002a6cc      943eebf0    d43d79ec   -44   212    15828    -4999   15828   60537    -327598636    3967368660            huge  
  0x0002a6d0      ca3e23cb    663ee8fc   102   102    15974     -792   15974   64744     -51888538    4243078758            huge  
  0x0002a6d4      083fab47    15bfd3d2    21    21   -16619   -11565   48917   53971    -757874923    3537092373  -454721961984.000000  
  0x0002a6d8      223f02de    0bbf021c    11    11   -16629     7170   48907    7170     469942027     469942027        0.000000  
  0x0002a6dc      36443edc    6c383ca4   108   108    14444   -23492   14444   42044   -1539557268    2755410028       -0.000000  
  0x0002a6e0      0d6e3e02    9efc3e8f   -98   158     -866   -28866   64670   36670   -1891697506    2403269790       -0.000000  
  0x0002a6e4      2d67bf26    0f61bfa0    15    15    24847   -24385   24847   41151   -1598070513    2696896783       -0.000000  
  0x0002a6e8      ad5f3f01    09833f01     9     9   -31991      319   33545     319      20939529      20939529        0.000000  
  0x0002a6ec      1e398f3d    107fddbd    16    16    32528   -16931   32528   48605   -1109557488    3185409808       -0.108153  
  0x0002a6f0      75713abd    3c59f33e    60    60    22844    16115   22844   16115    1056135484    1056135484        0.475290  
  0x0002a6f4      e0c78dbf    69e4b83f   105   105    -7063    16312   58473   16312    1069081705    1069081705        1.444471  
  0x0002a6f8      9e99863f    d85ea53f   -40   216    24280    16293   24280   16293    1067802328    1067802328        1.291957  
  0x0002a6fc      00adb62b    002eccc1     0     0    11776   -15924   11776   49612   -1043583488    3251383808      -25.522461  
  0x0002a700      bd01402b    3d68dede    61    61    26685    -8482   26685   57054    -555849667    3739117629            huge  
  0x0002a704      be5b559c    3e1de187    62    62     7486   -30751    7486   34785   -2015290050    2279677246       -0.000000  
  0x0002a708      beae5e4e    3f23bf91    63    63     9023   -28225    9023   37311   -1849744577    2445222719       -0.000000  
  0x0002a70c      be0330ac    3f00928c    63    63       63   -29550      63   35986   -1936588737    2358378559       -0.000000  
  0x0002a710      c23a0d45    73bedff6   115   115   -16781    -2337   48755   63199    -153108877    4141858419            huge  
  0x0002a714      863edf95    c4bc5b55   -60   196   -17212    21851   48324   21851    1432075460    1432075460  15100236791808.000000  
  0x0002a718      113f6f7f    3a3f9309    58    58    16186     2451   16186    2451     160644922     160644922        0.000000  
  0x0002a71c      193f02b8    41bf0284    65    65   -16575   -31742   48961   33794   -2080194751    2214772545       -0.000000  
  0x0002a720      6631bd77    8497be9a  -124   132   -26748   -25922   38788   39614   -1698785404    2596181892       -0.000000  
  0x0002a724      fe90be23    7cf73d88   124   124    -2180   -30659   63356   34877   -2009204868    2285762428       -0.000000  
  0x0002a728      40af3fa9    c5b2bfe1   -59   197   -19771    -7745   45765   57791    -507530555    3787436741            huge  
  0x0002a72c      c6983f00    fcc73f00    -4   252   -14340       63   51196      63       4179964       4179964        0.000000  
  0x0002a8a4      00000000    00000842     0     0        0    16904       0   16904    1107820544    1107820544       34.000000  
  0x0002ab94      411b0000    27010000    39    39      295        0     295       0           295           295        0.000000  

====================================================================================================
  DATA POINT 6 / 7
  Wind direction (visual):       290.0 deg
  Wind string at snapshot time:  "2.1.0.0"
  Changed 4-byte chunks vs baseline:  72

    RAM offset   old bytes   new bytes    i8    u8    i16lo    i16hi   u16lo   u16hi           i32           u32             f32  note
  ------------------------------------------------------------------------------------------------------------------------------------
  0x00026290      0000f255    000046ab     0     0        0   -21690       0   43846   -1421475840    2873491456       -0.000000  
  0x00026294      b7210010    c3eb0010   -61   195    -5181     4096   60355    4096     268495811     268495811        0.000000  
  0x00027354      0000f400    0000f300     0     0        0      243       0     243      15925248      15925248        0.000000  
  0x00027358      26000000    44000000    68    68       68        0      68       0            68            68        0.000000  
  0x00027360      703f0331    703f0332   112   112    16240    12803   16240   12803     839073648     839073648        0.000000  <-- trig-float (near wind string)
  0x00027364      2e302e30    2e312e30    46    46    12590    12334   12590   12334     808333614     808333614        0.000000  <-- WIND SPEED STRING
  0x000286d4      69006f00    69006d00   105   105      105      109     105     109       7143529       7143529        0.000000  
  0x00028fac      26435d00    26434600    38    38    17190       70   17190      70       4604710       4604710        0.000000  <-- cand-B
  0x00028fb0      55000000    4e000000    78    78       78        0      78       0            78            78        0.000000  <-- cand-C (speed x trig)
  0x000295f0      6c000000    63000000    99    99       99        0      99       0            99            99        0.000000  <-- cand-D
  0x000295f4      000e0000    000f0000     0     0     3840        0    3840       0          3840          3840        0.000000  <-- cand-E
  0x00029660      b68828bf    eb1c423f   -21   235     7403    16194    7403   16194    1061297387    1061297387        0.758254  
  0x00029664      f7bd333f    defff53f   -34   222      -34    16373   65502   16373    1073086430    1073086430        1.921871  
  0x00029668      5aac463e    8f37363e  -113   143    14223    15926   14223   15926    1043740559    1043740559        0.177946  
  0x0002966c      5765763f    0f3a0440    15    15    14863    16388   14863   16388    1074018831    1074018831        2.066044  
  0x00029670      d0bc1440    f7f5983f    -9   247    -2569    16280   62967   16280    1066989047    1066989047        1.195006  
  0x00029674      18041640    ba498c3f   -70   186    18874    16268   18874   16268    1066158522    1066158522        1.096000  
  0x00029678      cdcccc3d    9a9919be  -102   154   -26214   -16871   39322   48665   -1105618534    3189348762       -0.150000  
  0x00029680      fd00c577    250055c5    37    37       37   -15019      37   50517    -984285147    3310682149    -3408.009033  
  0x00029684      58c20000    4a420000    74    74    16970        0   16970       0         16970         16970        0.000000  
  0x00029c4c      cf41dd3f    bc57fc3f   -68   188    22460    16380   22460   16380    1073502140    1073502140        1.971427  
  0x00029cc0      a779873f    1b2f5d3f    27    27    12059    16221   12059   16221    1063071515    1063071515        0.864000  
  0x00029cc4      b5a6393f    fa7e2a3f    -6   250    32506    16170   32506   16170    1059749626    1059749626        0.666000  
  0x00029cc8      a779873f    1b2f5d3f    27    27    12059    16221   12059   16221    1063071515    1063071515        0.864000  
  0x00029ccc      b5a6393f    fa7e2a3f    -6   250    32506    16170   32506   16170    1059749626    1059749626        0.666000  
  0x00029cd4      76269fbe    0a5773bf    10    10    22282   -16525   22282   49011   -1082960118    3212007178       -0.950547  
  0x00029cd8      0000c03f    ba498c3f   -70   186    18874    16268   18874   16268    1066158522    1066158522        1.096000  
  0x00029ce0      ae47a13f    39b4083f    57    57   -19399    16136   46137   16136    1057535033    1057535033        0.534000  
  0x00029ce4      0c5e033f    a01a6f3f   -96   160     6816    16239    6816   16239    1064245920    1064245920        0.934000  
  0x00029ce8      ae47a13f    2db29d3e    45    45   -19923    16029   45613   16029    1050522157    1050522157        0.308000  
  0x00029cf0      5266c53d    814eefbd  -127   129    20097   -16913   20097   48623   -1108390271    3186577025       -0.116849  
  0x00029cf8      76269fbe    0a5773bf    10    10    22282   -16525   22282   49011   -1082960118    3212007178       -0.950547  
  0x00029cfc      0000c03f    ba498c3f   -70   186    18874    16268   18874   16268    1066158522    1066158522        1.096000  
  0x00029d0c      ae47a13f    2db29d3e    45    45   -19923    16029   45613   16029    1050522157    1050522157        0.308000  
  0x0002a0ac      0000f255    000046ab     0     0        0   -21690       0   43846   -1421475840    2873491456       -0.000000  
  0x0002a0b0      b721075a    c3eb075a   -61   195    -5181    23047   60355   23047    1510468547    1510468547            huge  
  0x0002a5b0      00000750    01000750     1     1        1    20487       1   20487    1342636033    1342636033  9059697664.000000  
  0x0002a6a8      627c5bbe    14290a3e    20    20    10516    15882   10516   15882    1040853268    1040853268        0.134922  
  0x0002a6ac      a028a5be    e502483e   -27   229      741    15944     741   15944    1044906725    1044906725        0.195324  
  0x0002a6b0      3ac028b9    e7e800bd   -25   231    -5913   -17152   59623   48384   -1124013849    3170953447       -0.031472  
  0x0002a6b4      084be0bd    e953183e   -23   233    21481    15896   21481   15896    1041781737    1041781737        0.148758  
  0x0002a6b8      04fc157e    04dc7398     4     4    -9212   -26509   56324   39027   -1737237500    2557729796       -0.000000  
  0x0002a6bc      3e0bd75a    3dfb9d7d    61    61    -1219    32157   64317   32157    2107505469    2107505469            huge  
  0x0002a6c0      3e6bf2bd    3e9231da    62    62   -28098    -9679   37438   55857    -634285506    3660681790            huge  
  0x0002a6c4      bea823d4    be2c7a9e   -66   190    11454   -24966   11454   40570   -1636160322    2658806974       -0.000000  
  0x0002a6c8      3e03d4b3    be03c32b   -66   190      958    11203     958   11203     734200766     734200766        0.000000  
  0x0002a6cc      943eebf0    0cbdc143    12    12   -17140    17345   48396   17345    1136770316    1136770316      387.476929  
  0x0002a6d0      ca3e23cb    0b3e9cfb    11    11    15883    -1124   15883   64412     -73646581    4221320715            huge  
  0x0002a6d4      083fab47    1abfec9b    26    26   -16614   -25620   48922   39916   -1678983398    2615983898       -0.000000  
  0x0002a6d8      223f02de    023f0213     2     2    16130     4866   16130    4866     318914306     318914306        0.000000  
  0x0002a6dc      36443edc    a5debecf   -91   165    -8539   -12354   56997   53182    -809574747    3485392549  -6404524544.000000  
  0x0002a6e0      0d6e3e02    063d3d8e     6     6    15622   -29123   15622   36413   -1908589306    2386377990       -0.000000  
  0x0002a6e4      2d67bf26    677abf66   103   103    31335    26303   31335   26303    1723824743    1723824743            huge  
  0x0002a6e8      ad5f3f01    3133bf01    49    49    13105      447   13105     447      29307697      29307697        0.000000  
  0x0002a6ec      1e398f3d    8981c4bc  -119   137   -32375   -17212   33161   48324   -1127972471    3166994825       -0.023988  
  0x0002a6f0      75713abd    31e7edbd    49    49    -6351   -16915   59185   48621   -1108482255    3186485041       -0.116164  
  0x0002a6f4      e0c78dbf    a0fc913f   -96   160     -864    16273   64672   16273    1066532000    1066532000        1.140522  
  0x0002a6f8      9e99863f    f112a3bf   -15   241     4849   -16477    4849   49059   -1079831823    3215135473       -1.274016  
  0x0002a6fc      00adb62b    007a5612     0     0    31232     4694   31232    4694     307657216     307657216        0.000000  
  0x0002a700      bd01402b    bd5975ac   -67   189    22973   -21387   22973   44149   -1401595459    2893371837       -0.000000  
  0x0002a704      be5b559c    be5022ff   -66   190    20670     -222   20670   65314     -14528322    4280438974            huge  
  0x0002a708      beae5e4e    bd5b752d   -67   189    23485    11637   23485   11637     762665917     762665917        0.000000  
  0x0002a70c      be0330ac    be044907   -66   190     1214     1865    1214    1865     122225854     122225854        0.000000  
  0x0002a710      c23a0d45    7abe0ecb   122   122   -16774   -13554   48762   51982    -888226182    3406741114  -9354874.000000  
  0x0002a714      863edf95    86be080a  -122   134   -16762     2568   48774    2568     168345222     168345222        0.000000  
  0x0002a718      113f6f7f    62be8e59    98    98   -16798    22926   48738   22926    1502527074    1502527074            huge  
  0x0002a71c      193f02b8    693e03b1   105   105    15977   -20221   15977   45315   -1325187479    2969779817       -0.000000  
  0x0002a720      6631bd77    97d8beb1  -105   151   -10089   -20034   55447   45502   -1312892777    2982074519       -0.000000  
  0x0002a724      fe90be23    6d583e24   109   109    22637     9278   22637    9278     608065645     608065645        0.000000  
  0x0002a728      40af3fa9    57853fa4    87    87   -31401   -23489   34135   42047   -1539340969    2755626327       -0.000000  
  0x0002a72c      c6983f00    1252bf01    18    18    21010      447   21010     447      29315602      29315602        0.000000  
  0x0002a8a4      00000000    00000842     0     0        0    16904       0   16904    1107820544    1107820544       34.000000  

====================================================================================================
  DATA POINT 7 / 7
  Wind direction (visual):       225.0 deg
  Wind string at snapshot time:  "3.3.0.0"
  Changed 4-byte chunks vs baseline:  73

    RAM offset   old bytes   new bytes    i8    u8    i16lo    i16hi   u16lo   u16hi           i32           u32             f32  note
  ------------------------------------------------------------------------------------------------------------------------------------
  0x00026290      0000f255    0000ff4e     0     0        0    20223       0   20223    1325334528    1325334528  2139095040.000000  
  0x00026294      b7210010    4edd0010    78    78    -8882     4096   56654    4096     268492110     268492110        0.000000  
  0x00026ee4      14000000    0c000000    12    12       12        0      12       0            12            12        0.000000  <-- cand-A
  0x00027354      0000f400    00001601     0     0        0      278       0     278      18219008      18219008        0.000000  
  0x00027358      26000000    c1000000   -63   193      193        0     193       0           193           193        0.000000  
  0x00027360      703f0331    703f0333   112   112    16240    13059   16240   13059     855850864     855850864        0.000000  <-- trig-float (near wind string)
  0x00027364      2e302e30    2e332e30    46    46    13102    12334   13102   12334     808334126     808334126        0.000000  <-- WIND SPEED STRING
  0x000286d4      69006f00    69003f01   105   105      105      319     105     319      20906089      20906089        0.000000  
  0x00028fac      26435d00    26434500    38    38    17190       69   17190      69       4539174       4539174        0.000000  <-- cand-B
  0x000295f0      6c000000    5a000000    90    90       90        0      90       0            90            90        0.000000  <-- cand-D
  0x000295f4      000e0000    000f0000     0     0     3840        0    3840       0          3840          3840        0.000000  <-- cand-E
  0x00029660      b68828bf    acfef4bf   -84   172     -340   -16396   65196   49140   -1074463060    3220504236       -1.914022  
  0x00029664      f7bd333f    20e12b40    32    32    -7904    16427   57632   16427    1076617504    1076617504        2.685616  
  0x00029668      5aac463e    d8a8f43d   -40   216   -22312    15860   43224   15860    1039444184    1039444184        0.119463  
  0x0002966c      5765763f    76105340   118   118     4214    16467    4214   16467    1079185526    1079185526        3.297880  
  0x00029670      d0bc1440    d0280c40   -48   208    10448    16396   10448   16396    1074538704    1074538704        2.189991  
  0x00029674      18041640    ba490c40   -70   186    18874    16396   18874   16396    1074547130    1074547130        2.192000  
  0x00029678      cdcccc3d    00000000     0     0        0        0       0       0             0             0        0.000000  
  0x00029680      fd00c577    e400b151   -28   228      228    20913     228   20913    1370554596    1370554596  95028019200.000000  
  0x00029684      58c20000    2ec30000    46    46   -15570        0   49966       0         49966         49966        0.000000  
  0x00029c4c      cf41dd3f    3433b33f    52    52    13108    16307   13108   16307    1068708660    1068708660        1.400000  
  0x00029cc0      a779873f    1b2f5d3f    27    27    12059    16221   12059   16221    1063071515    1063071515        0.864000  
  0x00029cc4      b5a6393f    fa7e2a3f    -6   250    32506    16170   32506   16170    1059749626    1059749626        0.666000  
  0x00029cc8      a779873f    1b2f5d3f    27    27    12059    16221   12059   16221    1063071515    1063071515        0.864000  
  0x00029ccc      b5a6393f    fa7e2a3f    -6   250    32506    16170   32506   16170    1059749626    1059749626        0.666000  
  0x00029cd4      76269fbe    0a5773bf    10    10    22282   -16525   22282   49011   -1082960118    3212007178       -0.950547  
  0x00029cd8      0000c03f    ba498c3f   -70   186    18874    16268   18874   16268    1066158522    1066158522        1.096000  
  0x00029ce0      ae47a13f    39b4083f    57    57   -19399    16136   46137   16136    1057535033    1057535033        0.534000  
  0x00029ce4      0c5e033f    a01a6f3f   -96   160     6816    16239    6816   16239    1064245920    1064245920        0.934000  
  0x00029ce8      ae47a13f    2db29d3e    45    45   -19923    16029   45613   16029    1050522157    1050522157        0.308000  
  0x00029cf0      5266c53d    814eefbd  -127   129    20097   -16913   20097   48623   -1108390271    3186577025       -0.116849  
  0x00029cf8      76269fbe    0a5773bf    10    10    22282   -16525   22282   49011   -1082960118    3212007178       -0.950547  
  0x00029cfc      0000c03f    ba498c3f   -70   186    18874    16268   18874   16268    1066158522    1066158522        1.096000  
  0x00029d0c      ae47a13f    2db29d3e    45    45   -19923    16029   45613   16029    1050522157    1050522157        0.308000  
  0x0002a0ac      0000f255    0000ff4e     0     0        0    20223       0   20223    1325334528    1325334528  2139095040.000000  
  0x0002a0b0      b721075a    4edd075a    78    78    -8882    23047   56654   23047    1510464846    1510464846            huge  
  0x0002a5b0      00000750    03000750     3     3        3    20487       3   20487    1342636035    1342636035  9059699712.000000  
  0x0002a6a8      627c5bbe    17710b3e    23    23    28951    15883   28951   15883    1040937239    1040937239        0.136174  
  0x0002a6ac      a028a5be    c1078b3e   -63   193     1985    16011    1985   16011    1049298881    1049298881        0.271544  
  0x0002a6b0      3ac028b9    d17229bc   -47   209    29393   -17367   29393   48169   -1138134319    3156832977       -0.010342  
  0x0002a6b4      084be0bd    cccaea3c   -52   204   -13620    15594   51916   15594    1022020300    1022020300        0.028661  
  0x0002a6b8      04fc157e    04444377     4     4    17412    30531   17412   30531    2000897028    2000897028            huge  
  0x0002a6bc      3e0bd75a    3e5597ff    62    62    21822     -105   21822   65431      -6859458    4288107838             nan  
  0x0002a6c0      3e6bf2bd    bc16aa68   -68   188     5820    26794    5820   26794    1755977404    1755977404            huge  
  0x0002a6c4      bea823d4    3ed00bc6    62    62   -12226   -14837   53310   50699    -972304322    3322662974    -8948.060547  
  0x0002a6c8      3e03d4b3    3e034cc1    62    62      830   -16052     830   49484   -1051983042    3242984254      -12.750792  
  0x0002a6cc      943eebf0    a53d0cdd   -91   165    15781    -8948   15781   56588    -586400347    3708566949            huge  
  0x0002a6d0      ca3e23cb    053e7776     5     5    15877    30327   15877   30327    1987526149    1987526149            huge  
  0x0002a6d4      083fab47    1dbf1b3c    29    29   -16611    15387   48925   15387    1008451357    1008451357        0.009506  
  0x0002a6d8      223f02de    5abf02e4    90    90   -16550    -7166   48986   58370    -469581990    3825385306            huge  
  0x0002a6dc      36443edc    76c73c09   118   118   -14474     2364   51062    2364     154978166     154978166        0.000000  
  0x0002a6e0      0d6e3e02    0ddabee2    13    13    -9715    -7490   55821   58046    -490808819    3804158477            huge  
  0x0002a6e4      2d67bf26    47573fe7    71    71    22343    -6337   22343   59199    -415279289    3879688007            huge  
  0x0002a6e8      ad5f3f01    5880bf01    88    88   -32680      447   32856     447      29327448      29327448        0.000000  
  0x0002a6ec      1e398f3d    ad7d563e   -83   173    32173    15958   32173   15958    1045855661    1045855661        0.209464  
  0x0002a6f0      75713abd    ff33aa3d    -1   255    13311    15786   13311   15786    1034564607    1034564607        0.083107  
  0x0002a6f4      e0c78dbf    256b833f    37    37    27429    16259   27429   16259    1065577253    1065577253        1.026707  
  0x0002a6f8      9e99863f    cedfa8bf   -50   206    -8242   -16472   57294   49064   -1079451698    3215515598       -1.319330  
  0x0002a6fc      00adb62b    002f1c42     0     0    12032    16924   12032   16924    1109143296    1109143296       39.045898  
  0x0002a700      bd01402b    be535ad4   -66   190    21438   -11174   21438   54362    -732277826    3562689470  -3750831325184.000000  
  0x0002a704      be5b559c    be26b45f   -66   190     9918    24500    9918   24500    1605641918    1605641918            huge  
  0x0002a708      beae5e4e    bfd9606c   -65   191    -9793    27744   55743   27744    1818286527    1818286527            huge  
  0x0002a70c      be0330ac    bf019601   -65   191      447      406     447     406      26608063      26608063        0.000000  
  0x0002a710      c23a0d45    4bbe8563    75    75   -16821    25477   48715   25477    1669709387    1669709387            huge  
  0x0002a714      863edf95    c2bec42a   -62   194   -16702    10948   48834   10948     717536962     717536962        0.000000  
  0x0002a718      113f6f7f    c83e961b   -56   200    16072     7062   16072    7062     462831304     462831304        0.000000  
  0x0002a71c      193f02b8    a9be032d   -87   169   -16727    11523   48809   11523     755220137     755220137        0.000000  
  0x0002a720      6631bd77    a116bec6   -95   161     5793   -14658    5793   50878    -960620895    3334346401   -24331.314453  
  0x0002a724      fe90be23    5238be99    82    82    14418   -26178   14418   39358   -1715586990    2579380306       -0.000000  
  0x0002a728      40af3fa9    eab23e9a   -22   234   -19734   -26050   45802   39486   -1707166998    2587800298       -0.000000  
  0x0002a72c      c6983f00    1c80be03    28    28   -32740      958   32796     958      62816284      62816284        0.000000  
  0x0002a8a4      00000000    00000842     0     0        0    16904       0   16904    1107820544    1107820544       34.000000  
  0x0002ab94      411b0000    0e000000    14    14       14        0      14       0            14            14        0.000000  

====================================================================================================
  SUMMARY TABLE
  Only addresses that changed in EVERY one of the 7 data points.
  These are the strongest wind-direction candidates.

    RAM offset     135.0d     225.0d      15.0d     270.0d     120.0d     290.0d     225.0d
  -------------------------------------------------------------------------------------------
  [f32]
  0x00026290        0.0000      0.0000      0.0001     -0.0000         ---     -0.0000         ---
  0x00026294        0.0000      0.0000      0.0000      0.0000      0.0000      0.0000      0.0000
  0x00027354        0.0000      0.0000      0.0000      0.0000      0.0000      0.0000      0.0000
  0x00027358        0.0000      0.0000      0.0000      0.0000      0.0000      0.0000      0.0000
  0x000286d4        0.0000      0.0000      0.0000      0.0000      0.0000      0.0000      0.0000
  0x00028fac        0.0000      0.0000      0.0000      0.0000      0.0000      0.0000      0.0000   (cand-B)
  0x000295f0        0.0000      0.0000      0.0000      0.0000      0.0000      0.0000      0.0000   (cand-D)
  0x00029660       -0.7557     -1.0944      3.5098      0.0755     -0.7495      0.7583     -1.9140
  0x00029664       -1.1915      1.8098     -1.5585      2.7989     -1.7176      1.9219      2.6856
  0x00029668        0.1880      0.2792      0.2092      0.1502      0.3130      0.1779      0.1195
  0x0002966c        1.4110      2.1150      3.8436      2.7999      1.8740      2.0660      3.2979
  0x00029670        4.1472      2.1147     -0.4179      1.5438      4.3009      1.1950      2.1900
  0x00029674        4.1640      2.1430      5.8370      1.5600      4.2930      1.0960      2.1920
  0x00029678        0.0000      0.1000      0.0500      0.0000      0.1000     -0.1500      0.0000
  0x00029680        0.0000   6336.1162         ---         ---         ---  -3408.0090         ---
  0x00029684        0.0000      0.0000      0.0000      0.0000      0.0000      0.0000      0.0000
  0x00029c4c        1.3857      5.1286      1.9857      1.5714      2.4286      1.9714      1.4000
  0x00029cc0        0.8640      0.5400      0.8640      0.8640      0.8640      0.8640      0.8640
  0x00029cc4        0.6660      0.6660      0.6660      0.6660      0.6660      0.6660      0.6660
  0x00029cc8        0.8640      0.5400      0.8640      0.8640      0.8640      0.8640      0.8640
  0x00029ccc        0.6660      0.6660      0.6660      0.6660      0.6660      0.6660      0.6660
  0x00029cd4       -0.9505     -0.9505     -0.9505     -0.9505     -0.9505     -0.9505     -0.9505
  0x00029ce0        0.5340     -0.1300      0.5340      0.5340      0.5340      0.5340      0.5340
  0x00029ce4        0.9340      0.5340      0.9340      0.9340      0.9340      0.9340      0.9340
  0x00029ce8        0.3080     -0.1080      0.3080      0.3080      0.3080      0.3080      0.3080
  0x00029cf0       -0.1168     -0.1168     -0.1168     -0.1168     -0.1168     -0.1168     -0.1168
  0x00029cf8       -0.9505     -0.9505     -0.9505     -0.9505     -0.9505     -0.9505     -0.9505
  0x00029d0c        0.3080     -0.1080      0.3080      0.3080      0.3080      0.3080      0.3080
  0x0002a0ac        0.0000      0.0000      0.0001     -0.0000         ---     -0.0000         ---
  0x0002a0b0           ---         ---         ---         ---         ---         ---         ---
  0x0002a6a8       -0.2788     -0.6116     -0.0424      0.1587      0.1406      0.1349      0.1362
  0x0002a6ac       -0.0693      0.0057     -0.2730      0.0782     -0.0713      0.1953      0.2715
  0x0002a6b0        0.1990      0.1900     -0.0927     -0.0403      0.0112     -0.0315     -0.0103
  0x0002a6b4       -0.1109     -0.0014      0.0359     -0.0928     -0.0666      0.1488      0.0287
  0x0002a6b8           ---         ---         ---     -0.0000      0.0303     -0.0000         ---
  0x0002a6bc           ---      0.0000  2822095.2500      0.0000      0.0000         ---         ---
  0x0002a6c0           ---     -0.0000     -0.0000     -0.0000      0.0000         ---         ---
  0x0002a6c4           ---     -0.0000      0.0000         ---         ---     -0.0000  -8948.0605
  0x0002a6c8        0.0000      0.0000         ---         ---      0.0000      0.0000    -12.7508
  0x0002a6cc       -0.0000         ---         ---      0.0000         ---    387.4769         ---
  0x0002a6d0           ---         ---         ---      0.0000         ---         ---         ---
  0x0002a6d4           ---      0.0000         ---     -0.0000         ---     -0.0000      0.0095
  0x0002a6d8           ---      0.0000      0.0000    130.7470      0.0000      0.0000         ---
  0x0002a6dc           ---     11.8784         ---     -0.0029     -0.0000         ---      0.0000
  0x0002a6e0       -0.0000      0.0000     -0.0116         ---     -0.0000     -0.0000         ---
  0x0002a6e4           ---      0.0000         ---         ---     -0.0000         ---         ---
  0x0002a6e8        0.0000      0.0000      0.0000      0.0000      0.0000      0.0000      0.0000
  0x0002a6ec       -0.2862      0.0833      0.3751     -0.3902     -0.1082     -0.0240      0.2095
  0x0002a6f0        0.2494      0.0113     -0.4302      0.0903      0.4753     -0.1162      0.0831
  0x0002a6f4       -1.3219      1.1791      0.9813      1.5731      1.4445      1.1405      1.0267
  0x0002a6f8       -1.2832      0.9650      1.4254      1.2144      1.2920     -1.2740     -1.3193
  0x0002a6fc           ---     -0.0000      0.0000  396432.0000    -25.5225      0.0000     39.0459
  0x0002a700           ---  -230296.9531     -0.0000      0.0000         ---     -0.0000         ---
  0x0002a704       -0.0000         ---         ---         ---     -0.0000         ---         ---
  0x0002a708       -0.0000         ---     -0.0000     -0.0000     -0.0000      0.0000         ---
  0x0002a70c        0.0000         ---  48499448.0000     -0.0025     -0.0000      0.0000      0.0000
  0x0002a710       -0.0000      0.0000  -26271.1387     -0.0000         ---  -9354874.0000         ---
  0x0002a714       -0.0000     -0.0000         ---     -0.0000         ---      0.0000      0.0000
  0x0002a718           ---      0.0000     -2.2538     -0.0000      0.0000         ---      0.0000
  0x0002a71c    -550480128.0000     -0.0000      0.0000         ---     -0.0000     -0.0000      0.0000
  0x0002a720           ---         ---     -0.0000      0.0000     -0.0000     -0.0000  -24331.3145
  0x0002a724      -11.9116         ---  -48789.6797      0.0000     -0.0000      0.0000     -0.0000
  0x0002a728        0.0000         ---         ---     -0.0000         ---     -0.0000     -0.0000
  0x0002a72c        0.0000      0.0000      0.0000      0.0000      0.0000      0.0000      0.0000
  0x0002a8a4       34.0000     34.0000     34.0000     34.0000     34.0000     34.0000     34.0000

  [i16 low word]
  0x00026290             0           0           0           0           0           0           0
  0x00026294        -14173      -12491        7379       -1737      -17749       -5181       -8882
  0x00027354             0           0           0           0           0           0           0
  0x00027358           193         193         159         193         193          68         193
  0x000286d4           105         105         105         105         105         105         105
  0x00028fac         17190       17190       17190       17190       17190       17190       17190   (cand-B)
  0x000295f0            86         358         128          98         160          99          90   (cand-D)
  0x00029660         30755        5406      -24330      -19150       -8291        7403        -340
  0x00029664        -31917      -22264       31807        8490       -9860         -34       -7904
  0x00029668        -29277       -4134       12921      -11776       17319       14223      -22312
  0x0002966c        -25953       23609        -501       12765       -8511       14863        4214
  0x00029670        -19084       22153       -2943      -25683      -24278       -2569       10448
  0x00029674         16253        9961      -14155      -20972       24642       18874       18874
  0x00029678             0      -13106      -13107           0      -13106      -26214           0
  0x00029680             0         238           0         195         189          37         228
  0x00029684        -15741      -15461       17373       16601      -15582       16970      -15570
  0x00029c4c         24343        7488       11225        9360       28093       22460       13108
  0x00029cc0         12059       15729       12059       12059       12059       12059       12059
  0x00029cc4         32506       32506       32506       32506       32506       32506       32506
  0x00029cc8         12059       15729       12059       12059       12059       12059       12059
  0x00029ccc         32506       32506       32506       32506       32506       32506       32506
  0x00029cd4         22282       22282       22282       22282       22282       22282       22282
  0x00029ce0        -19399        7864      -19399      -19399      -19399      -19399      -19399
  0x00029ce4          6816      -19399        6816        6816        6816        6816        6816
  0x00029ce8        -19923       12059      -19923      -19923      -19923      -19923      -19923
  0x00029cf0         20097       20097       20097       20097       20097       20097       20097
  0x00029cf8         22282       22282       22282       22282       22282       22282       22282
  0x00029d0c        -19923       12059      -19923      -19923      -19923      -19923      -19923
  0x0002a0ac             0           0           0           0           0           0           0
  0x0002a0b0        -14173      -12491        7379       -1737      -17749       -5181       -8882
  0x0002a6a8        -16781      -28444      -16036       30021       -2101       10516       28951
  0x0002a6ac         -3812      -21472      -15763        7830        1657         741        1985
  0x0002a6b0        -15226      -31191       -6147        5627       -8152       -5913       29393
  0x0002a6b4         13098       32679       12910        6470       28426       21481      -13620
  0x0002a6b8        -16124       11524       31236       10500        9476       -9212       17412
  0x0002a6bc         -3780       28990       16189      -29506       -8258       -1219       21822
  0x0002a6c0        -32195       -4418      -23108         -66       24510      -28098        5820
  0x0002a6c4         10686       -6338       29118       -8514        6718       11454      -12226
  0x0002a6c8           958         958         830         958         958         958         830
  0x0002a6cc         15780       15669      -16839      -17020       15828      -17140       15781
  0x0002a6d0         16044      -16635      -16902       16015       15974       15883       15877
  0x0002a6d4        -16638      -16638       16175      -16599      -16619      -16614      -16611
  0x0002a6d8         16197       16033       16138      -16582      -16629       16130      -16550
  0x0002a6dc         13089        3593      -17388        8588       14444       -8539      -14474
  0x0002a6e0         28317       30159      -17308      -30621        -866       15622       -9715
  0x0002a6e4         24081       18360      -28380       30891       24847       31335       22343
  0x0002a6e8         14039      -31620      -30731       15234      -31991       13105      -32680
  0x0002a6ec        -30768      -30379        2603      -12912       32528      -32375       32173
  0x0002a6f0         25769      -21476       15630       -8505       22844       -6351       13311
  0x0002a6f4         13262       -5198       14130       23119       -7063        -864       27429
  0x0002a6f8         16192        2209       29276       28706       24280        4849       -8242
  0x0002a6fc          6656      -15104       14848      -28160       11776       31232       12032
  0x0002a700         27582       -6595          62       29500       26685       22973       21438
  0x0002a704         24125       27198      -20290       20798        7486       20670        9918
  0x0002a708          4543       31677       32574       27199        9023       23485       -9793
  0x0002a70c            63        1212         702         447          63        1214         447
  0x0002a710         15914       15764       15943      -16792      -16781      -16774      -16821
  0x0002a714        -16971       15675      -16965      -16828      -17212      -16762      -16702
  0x0002a718         16106       16240       16066       16204       16186      -16798       16072
  0x0002a71c         16036      -16548       16118      -16610      -16575       15977      -16727
  0x0002a720        -17278      -15981         977       12897      -26748      -10089        5793
  0x0002a724        -27133       26332      -27218      -19276       -2180       22637       14418
  0x0002a728          6130       -5363        6913      -14624      -19771      -31401      -19734
  0x0002a72c          1792       11162         378      -14895      -14340       21010      -32740
  0x0002a8a4             0           0           0           0           0           0           0

  [i16 high word]
  0x00026290         10054        4825       14591      -21690       24184      -21690       20223
  0x00026294          4096        4096        4096        4096        4096        4096        4096
  0x00027354           278         278         240         278         278         243         278
  0x00027358             0           0           0           0           0           0           0
  0x000286d4           263         319          93         319         133         109         319
  0x00028fac            78           0         103           0          86          70          69   (cand-B)
  0x000295f0             0           0           0           0           0           0           0   (cand-D)
  0x00029660        -16575      -16500       16480       15770      -16577       16194      -16396
  0x00029664        -16488       16359      -16441       16435      -16421       16373       16427
  0x00029668         15936       16014       15958       15897       16032       15926       15860
  0x0002966c         16308       16391       16501       16435       16367       16388       16467
  0x00029670         16516       16391      -16683       16325       16521       16280       16396
  0x00029674         16517       16393       16570       16327       16521       16268       16396
  0x00029678             0       15820       15692           0       15820      -16871           0
  0x00029680         11516       17862       29132       -3703       24268      -15019       20913
  0x00029684             0           0           0           0           0           0           0
  0x00029c4c         16305       16548       16382       16329       16411       16380       16307
  0x00029cc0         16221       16138       16221       16221       16221       16221       16221
  0x00029cc4         16170       16170       16170       16170       16170       16170       16170
  0x00029cc8         16221       16138       16221       16221       16221       16221       16221
  0x00029ccc         16170       16170       16170       16170       16170       16170       16170
  0x00029cd4        -16525      -16525      -16525      -16525      -16525      -16525      -16525
  0x00029ce0         16136      -16891       16136       16136       16136       16136       16136
  0x00029ce4         16239       16136       16239       16239       16239       16239       16239
  0x00029ce8         16029      -16931       16029       16029       16029       16029       16029
  0x00029cf0        -16913      -16913      -16913      -16913      -16913      -16913      -16913
  0x00029cf8        -16525      -16525      -16525      -16525      -16525      -16525      -16525
  0x00029d0c         16029      -16931       16029       16029       16029       16029       16029
  0x0002a0ac         10054        4825       14591      -21690       24184      -21690       20223
  0x0002a0b0         23047       23047       23047       23047       23047       23047       23047
  0x0002a6a8        -16754      -16612      -17107       15906       15887       15882       15883
  0x0002a6ac        -17011       15290      -16757       15776      -17006       15944       16011
  0x0002a6b0         15947       15938      -16963      -17115       15415      -17152      -17367
  0x0002a6b4        -16925      -17737       15635      -16962      -17016       15896       15594
  0x0002a6b8         -8031       27663       -6212      -27565       15608      -26509       30531
  0x0002a6bc         30897        3486       18988        7042        6759       32157        -105
  0x0002a6c0         25337      -28569      -26894      -30671       12149       -9679       26794
  0x0002a6c4         24868      -25051        1355      -10982       -7547      -24966      -14837
  0x0002a6c8          8520        1727       -3724      -12022       13395       11203      -16052
  0x0002a6cc        -25596       -9034       -4959       11038       -4999       17345       -8948
  0x0002a6d0        -11241       24342       -7951        2360        -792       -1124       30327
  0x0002a6d4         -2446         612       26150      -22308      -11565      -25620       15387
  0x0002a6d8         26114        7170        8962       17154        7170        4866       -7166
  0x0002a6dc         -8770       16702      -12610      -17601      -23492      -12354        2364
  0x0002a6e0        -30274       10558      -17346       22717      -28866      -29123       -7490
  0x0002a6e4        -11201        9151       30399       30527      -24385       26303       -6337
  0x0002a6e8           319         319         319         319         319         447         447
  0x0002a6ec        -16750       15786       16064      -16697      -16931      -17212       15958
  0x0002a6f0         15999       15416      -16676       15800       16115      -16915       15786
  0x0002a6f4        -16471       16278       16251       16329       16312       16273       16259
  0x0002a6f8        -16476       16247       16310       16283       16293      -16477      -16472
  0x0002a6fc         25155      -29445        7417       18625      -15924        4694       16924
  0x0002a700         24668      -14240      -21894        3746       -8482      -21387      -11174
  0x0002a704        -28913       31049       -3658       23512      -30751        -222       24500
  0x0002a708        -25146       -7034      -20811      -32332      -28225       11637       27744
  0x0002a70c         12628       -1750       19513      -17625      -29550        1865         406
  0x0002a710        -26261       11297      -14643      -30327       -2337      -13554       25477
  0x0002a714        -28169      -30034       26706      -27051       21851        2568       10948
  0x0002a718          -319       10885      -16368      -25479        2451       22926        7062
  0x0002a71c        -12797      -31999        2050       25858      -31742      -20221       11523
  0x0002a720        -10306       30782      -32451        5310      -25922      -20034      -14658
  0x0002a724        -16066       -1987      -14530       11197      -30659        9278      -26178
  0x0002a728          8127       26686       27071      -22723       -7745      -23489      -26050
  0x0002a72c           575         703         575        1085          63         447         958
  0x0002a8a4         16904       16904       16904       16904       16904       16904       16904

  [u16 low word]
  0x00026290             0           0           0           0           0           0           0
  0x00026294         51363       53045        7379       63799       47787       60355       56654
  0x00027354             0           0           0           0           0           0           0
  0x00027358           193         193         159         193         193          68         193
  0x000286d4           105         105         105         105         105         105         105
  0x00028fac         17190       17190       17190       17190       17190       17190       17190   (cand-B)
  0x000295f0            86         358         128          98         160          99          90   (cand-D)
  0x00029660         30755        5406       41206       46386       57245        7403       65196
  0x00029664         33619       43272       31807        8490       55676       65502       57632
  0x00029668         36259       61402       12921       53760       17319       14223       43224
  0x0002966c         39583       23609       65035       12765       57025       14863        4214
  0x00029670         46452       22153       62593       39853       41258       62967       10448
  0x00029674         16253        9961       51381       44564       24642       18874       18874
  0x00029678             0       52430       52429           0       52430       39322           0
  0x00029680             0         238           0         195         189          37         228
  0x00029684         49795       50075       17373       16601       49954       16970       49966
  0x00029c4c         24343        7488       11225        9360       28093       22460       13108
  0x00029cc0         12059       15729       12059       12059       12059       12059       12059
  0x00029cc4         32506       32506       32506       32506       32506       32506       32506
  0x00029cc8         12059       15729       12059       12059       12059       12059       12059
  0x00029ccc         32506       32506       32506       32506       32506       32506       32506
  0x00029cd4         22282       22282       22282       22282       22282       22282       22282
  0x00029ce0         46137        7864       46137       46137       46137       46137       46137
  0x00029ce4          6816       46137        6816        6816        6816        6816        6816
  0x00029ce8         45613       12059       45613       45613       45613       45613       45613
  0x00029cf0         20097       20097       20097       20097       20097       20097       20097
  0x00029cf8         22282       22282       22282       22282       22282       22282       22282
  0x00029d0c         45613       12059       45613       45613       45613       45613       45613
  0x0002a0ac             0           0           0           0           0           0           0
  0x0002a0b0         51363       53045        7379       63799       47787       60355       56654
  0x0002a6a8         48755       37092       49500       30021       63435       10516       28951
  0x0002a6ac         61724       44064       49773        7830        1657         741        1985
  0x0002a6b0         50310       34345       59389        5627       57384       59623       29393
  0x0002a6b4         13098       32679       12910        6470       28426       21481       51916
  0x0002a6b8         49412       11524       31236       10500        9476       56324       17412
  0x0002a6bc         61756       28990       16189       36030       57278       64317       21822
  0x0002a6c0         33341       61118       42428       65470       24510       37438        5820
  0x0002a6c4         10686       59198       29118       57022        6718       11454       53310
  0x0002a6c8           958         958         830         958         958         958         830
  0x0002a6cc         15780       15669       48697       48516       15828       48396       15781
  0x0002a6d0         16044       48901       48634       16015       15974       15883       15877
  0x0002a6d4         48898       48898       16175       48937       48917       48922       48925
  0x0002a6d8         16197       16033       16138       48954       48907       16130       48986
  0x0002a6dc         13089        3593       48148        8588       14444       56997       51062
  0x0002a6e0         28317       30159       48228       34915       64670       15622       55821
  0x0002a6e4         24081       18360       37156       30891       24847       31335       22343
  0x0002a6e8         14039       33916       34805       15234       33545       13105       32856
  0x0002a6ec         34768       35157        2603       52624       32528       33161       32173
  0x0002a6f0         25769       44060       15630       57031       22844       59185       13311
  0x0002a6f4         13262       60338       14130       23119       58473       64672       27429
  0x0002a6f8         16192        2209       29276       28706       24280        4849       57294
  0x0002a6fc          6656       50432       14848       37376       11776       31232       12032
  0x0002a700         27582       58941          62       29500       26685       22973       21438
  0x0002a704         24125       27198       45246       20798        7486       20670        9918
  0x0002a708          4543       31677       32574       27199        9023       23485       55743
  0x0002a70c            63        1212         702         447          63        1214         447
  0x0002a710         15914       15764       15943       48744       48755       48762       48715
  0x0002a714         48565       15675       48571       48708       48324       48774       48834
  0x0002a718         16106       16240       16066       16204       16186       48738       16072
  0x0002a71c         16036       48988       16118       48926       48961       15977       48809
  0x0002a720         48258       49555         977       12897       38788       55447        5793
  0x0002a724         38403       26332       38318       46260       63356       22637       14418
  0x0002a728          6130       60173        6913       50912       45765       34135       45802
  0x0002a72c          1792       11162         378       50641       51196       21010       32796
  0x0002a8a4             0           0           0           0           0           0           0

  [raw hex]
  0x00026290      00004627    0000d912    0000ff38    000046ab    0000785e    000046ab    0000ff4e
  0x00026294      a3c80010    35cf0010    d31c0010    37f90010    abba0010    c3eb0010    4edd0010
  0x00027354      00001601    00001601    0000f000    00001601    00001601    0000f300    00001601
  0x00027358      c1000000    c1000000    9f000000    c1000000    c1000000    44000000    c1000000
  0x000286d4      69000701    69003f01    69005d00    69003f01    69008500    69006d00    69003f01
  0x00028fac      26434e00    26430000    26436700    26430000    26435600    26434600    26434500   (cand-B)
  0x000295f0      56000000    66010000    80000000    62000000    a0000000    63000000    5a000000   (cand-D)
  0x00029660      237841bf    1e158cbf    f6a06040    32b59a3d    9ddf3fbf    eb1c423f    acfef4bf
  0x00029664      538398bf    08a9e73f    3f7cc7bf    2a213340    7cd9dbbf    defff53f    20e12b40
  0x00029668      a38d403e    daef8e3e    7932563e    00d2193e    a743a03e    8f37363e    d8a8f43d
  0x0002966c      9f9ab43f    395c0740    0bfe7540    dd313340    c1deef3f    0f3a0440    76105340
  0x00029670      74b58440    89560740    81f4d5be    ad9bc53f    2aa18940    f7f5983f    d0280c40
  0x00029674      7d3f8540    e9260940    b5c8ba40    14aec73f    42608940    ba498c3f    ba490c40
  0x00029678      00000000    cecccc3d    cdcc4c3d    00000000    cecccc3d    9a9919be    00000000
  0x00029680      0000fc2c    ee00c645    0000cc71    c30089f1    bd00cc5e    250055c5    e400b151
  0x00029684      83c20000    9bc30000    dd430000    d9400000    22c30000    4a420000    2ec30000
  0x00029c4c      175fb13f    401da440    d92bfe3f    9024c93f    bd6d1b40    bc57fc3f    3433b33f
  0x00029cc0      1b2f5d3f    713d0a3f    1b2f5d3f    1b2f5d3f    1b2f5d3f    1b2f5d3f    1b2f5d3f
  0x00029cc4      fa7e2a3f    fa7e2a3f    fa7e2a3f    fa7e2a3f    fa7e2a3f    fa7e2a3f    fa7e2a3f
  0x00029cc8      1b2f5d3f    713d0a3f    1b2f5d3f    1b2f5d3f    1b2f5d3f    1b2f5d3f    1b2f5d3f
  0x00029ccc      fa7e2a3f    fa7e2a3f    fa7e2a3f    fa7e2a3f    fa7e2a3f    fa7e2a3f    fa7e2a3f
  0x00029cd4      0a5773bf    0a5773bf    0a5773bf    0a5773bf    0a5773bf    0a5773bf    0a5773bf
  0x00029ce0      39b4083f    b81e05be    39b4083f    39b4083f    39b4083f    39b4083f    39b4083f
  0x00029ce4      a01a6f3f    39b4083f    a01a6f3f    a01a6f3f    a01a6f3f    a01a6f3f    a01a6f3f
  0x00029ce8      2db29d3e    1b2fddbd    2db29d3e    2db29d3e    2db29d3e    2db29d3e    2db29d3e
  0x00029cf0      814eefbd    814eefbd    814eefbd    814eefbd    814eefbd    814eefbd    814eefbd
  0x00029cf8      0a5773bf    0a5773bf    0a5773bf    0a5773bf    0a5773bf    0a5773bf    0a5773bf
  0x00029d0c      2db29d3e    1b2fddbd    2db29d3e    2db29d3e    2db29d3e    2db29d3e    2db29d3e
  0x0002a0ac      00004627    0000d912    0000ff38    000046ab    0000785e    000046ab    0000ff4e
  0x0002a0b0      a3c8075a    35cf075a    d31c075a    37f9075a    abba075a    c3eb075a    4edd075a
  0x0002a6a8      73be8ebe    e4901cbf    5cc12dbd    4575223e    cbf70f3e    14290a3e    17710b3e
  0x0002a6ac      1cf18dbd    20acba3b    6dc28bbe    961ea03d    790692bd    e502483e    c1078b3e
  0x0002a6b0      86c44b3e    2986423e    fde7bdbd    fb1525bd    28e0373c    e7e800bd    d17229bc
  0x0002a6b4      2a33e3bd    a77fb7ba    6e32133d    4619bebd    0a6f88bd    e953183e    cccaea3c
  0x0002a6b8      04c1a1e0    042d0f6c    047abce7    04295394    0425f83c    04dc7398    04444377
  0x0002a6bc      3cf1b178    3e719e0d    3d3f2c4a    be8c821b    bedf671a    3dfb9d7d    3e5597ff
  0x0002a6c0      3d82f962    beee6790    bca5f296    beff3188    be5f752f    3e9231da    bc16aa68
  0x0002a6c4      be292461    3ee7259e    be714b05    bede1ad5    3e1a85e2    be2c7a9e    3ed00bc6
  0x0002a6c8      be034821    be03bf06    3e0374f1    be030ad1    be035334    be03c32b    3e034cc1
  0x0002a6cc      a43d049c    353db6dc    39bea1ec    84bd1e2b    d43d79ec    0cbdc143    a53d0cdd
  0x0002a6d0      ac3e17d4    05bf165f    fabdf1e0    8f3e3809    663ee8fc    0b3e9cfb    053e7776
  0x0002a6d4      02bf72f6    02bf6402    2f3f2666    29bfdca8    15bfd3d2    1abfec9b    1dbf1b3c
  0x0002a6d8      453f0266    a13e021c    0a3f0223    3abf0243    0bbf021c    023f0213    5abf02e4
  0x0002a6dc      2133bedd    090e3e41    14bcbece    8c213fbb    6c383ca4    a5debecf    76c73c09
  0x0002a6e0      9d6ebe89    cf753e29    64bc3ebc    6388bd58    9efc3e8f    063d3d8e    0ddabee2
  0x0002a6e4      115e3fd4    b847bf23    2491bf76    ab783f77    0f61bfa0    677abf66    47573fe7
  0x0002a6e8      d7363f01    7c843f01    f5873f01    823b3f01    09833f01    3133bf01    5880bf01
  0x0002a6ec      d08792be    5589aa3d    2b0ac03e    90cdc7be    107fddbd    8981c4bc    ad7d563e
  0x0002a6f0      a9647f3e    1cac383c    0e3ddcbe    c7deb83d    3c59f33e    31e7edbd    ff33aa3d
  0x0002a6f4      ce33a9bf    b2eb963f    32377b3f    4f5ac93f    69e4b83f    a0fc913f    256b833f
  0x0002a6f8      403fa4bf    a108773f    5c72b63f    22709b3f    d85ea53f    f112a3bf    cedfa8bf
  0x0002a6fc      001a4362    00c5fb8c    003af91c    0092c148    002eccc1    007a5612    002f1c42
  0x0002a700      be6b5c60    3de660c8    3e007aaa    3c73a20e    3d68dede    bd5975ac    be535ad4
  0x0002a704      3d5e0f8f    3e6a4979    beb0b6f1    3e51d85b    3e1de187    be5022ff    be26b45f
  0x0002a708      bf11c69d    bd7b86e4    3e7fb5ae    3f6ab481    3f23bf91    bd5b752d    bfd9606c
  0x0002a70c      3f005431    bc042af9    be02394c    bf0127bb    3f00928c    be044907    bf019601
  0x0002a710      2a3e6b99    943d212c    473ecdc6    68be8989    73bedff6    7abe0ecb    4bbe8563
  0x0002a714      b5bdf791    3b3dae8a    bbbd5268    44be5596    c4bc5b55    86be080a    c2bec42a
  0x0002a718      ea3ec1fe    703f852a    c23e10c0    4c3f799c    3a3f9309    62be8e59    c83e961b
  0x0002a71c      a43e03ce    5cbf0183    f63e0208    1ebf0265    41bf0284    693e03b1    a9be032d
  0x0002a720      82bcbed7    93c13e78    d1033d81    6132be14    8497be9a    97d8beb1    a116bec6
  0x0002a724      03963ec1    dc663df8    ae953ec7    b4b4bd2b    7cf73d88    6d583e24    5238be99
  0x0002a728      f217bf1f    0deb3e68    011bbf69    e0c63da7    c5b2bfe1    57853fa4    eab23e9a
  0x0002a72c      00073f02    9a2bbf02    7a013f02    d1c53d04    fcc73f00    1252bf01    1c80be03
  0x0002a8a4      00000842    00000842    00000842    00000842    00000842    00000842    00000842

====================================================================================================
  End of scan  —  7 data points  —  2026-05-25 15:39:16
====================================================================================================
